sample_id,hdf5_index
singleEQ_B093.PB_20170619095510_EV,35022
singleEQ_ORV.BK_20160424032947_EV,119490
singleEQ_RYN.NN_20170131221738_EV,133080
singleEQ_BRLK.AK_20170325211511_EV,51656
singleEQ_BEK.NN_20150712091235_EV,47061
singleEQ_GDXB.NC_20170421182132_EV,84894
singleEQ_NIKH.AK_20140818110216_EV,114291
singleEQ_SAW.AK_20120329054007_EV,134257
singleEQ_GMN.NN_20171121154506_EV,87334
singleEQ_B084.PB_20080502184459_EV,21123
singleEQ_GDXB.NC_20140815085440_EV,81790
singleEQ_TYM.SN_20160204124433_EV,147400
singleEQ_B084.PB_20180204083229_EV,26465
singleEQ_KAN11.GS_20140909031102_EV,96732
singleEQ_FID.AK_20110829073207_EV,71967
singleEQ_SCM.AK_20111203092045_EV,134978
singleEQ_N25K.TA_20170921235120_EV,113369
singleEQ_HPC.NC_20140601111226_EV,90924
singleEQ_B084.PB_20110604140111_EV,21777
singleEQ_TAFP.AV_20160828001322_EV,143110
singleEQ_SSN.AK_20180706111402_EV,141269
singleEQ_PAH.NN_20020702164225_EV,120327
singleEQ_DHY.AK_20120412164115_EV,66380
singleEQ_GDXB.NC_20140125084900_EV,81002
singleEQ_MOD.BK_20150221003453_EV,110486
singleEQ_OMMB.NN_20140113052749_EV,117953
singleEQ_GDXB.NC_20070125130244_EV,74592
singleEQ_ILSW.AV_20180321192053_EV,92585
singleEQ_B086.PB_20110907202158_EV,27618
singleEQ_TIM.SN_20130331090234_EV,144118
singleEQ_VCS.CI_20121015223838_EV,149164
singleEQ_BCP.AK_20171103125044_EV,46324
singleEQ_CTC.NN_20180727045925_EV,63197
singleEQ_KAN01.GS_20150515033734_EV,95091
singleEQ_CNCH.SV_20140304194051_EV,59366
singleEQ_OMMB.NN_20141014224633_EV,118372
singleEQ_EDC.KO_20090129150712_EV,69912
singleEQ_MLOD.HV_20170410145732_EV,109297
singleEQ_KTH.AK_20171017121419_EV,101495
singleEQ_MSJ.CI_20130529012049_EV,112071
singleEQ_BPAW.AK_20120101135114_EV,50244
singleEQ_TWP.SN_20121122032017_EV,146740
singleEQ_B918.PB_20140419051030_EV,41235
singleEQ_B067.PB_20101005151200_EV,8669
singleEQ_AHUD.HV_20180716125829_EV,1746
singleEQ_MCK.AK_20171231143614_EV,107566
singleEQ_B084.PB_20150225043949_EV,24360
singleEQ_YER.NN_20170315162454_EV,154587
singleEQ_ANVS.KR_20130726151111_EV,4130
singleEQ_GDXB.NC_20111126032740_EV,77269
singleEQ_KTH.AK_20170709011232_EV,101421
singleEQ_KTH.AK_20161112091508_EV,101267
singleEQ_RDM.AZ_20171012112012_EV,129393
singleEQ_PMR.AT_20141119165746_EV,124442
singleEQ_B201.PB_20160508060719_EV,35547
singleEQ_BBGB.NC_20080720044919_EV,44977
singleEQ_LOUT.HA_20120214224658_EV,105189
singleEQ_LHV.NN_20170620091657_EV,104386
singleEQ_BJOB.NC_20130815141142_EV,48394
singleEQ_B917.PB_20140129092055_EV,39715
singleEQ_KNW.AZ_20151124190202_EV,100358
singleEQ_GDXB.NC_20060613063957_EV,74276
singleEQ_OKSO.AV_20150513090432_EV,117193
singleEQ_HSSD.HV_20161019175737_EV,91138
singleEQ_TWP.SN_20170625201538_EV,146996
singleEQ_CAST.AK_20120731203405_EV,55196
singleEQ_GDXB.NC_20110602102750_EV,76491
singleEQ_B081.PB_20070528141112_EV,10310
singleEQ_TUL1.TA_20150417093717_EV,146264
singleEQ_CCOB.NC_20170206112339_EV,57242
singleEQ_BTW.SN_20150909012607_EV,52870
singleEQ_AAM1.ZQ_20090525222855_EV,297
singleEQ_B082.PB_20180622074745_EV,20692
singleEQ_BZN.AZ_20170827031746_EV,54461
singleEQ_PAH.NN_20130305173953_EV,120534
singleEQ_B087.PB_20131102235424_EV,31523
singleEQ_B086.PB_20080727204242_EV,27312
singleEQ_B917.PB_20140624174410_EV,39772
singleEQ_GLAT.NM_20160827174446_EV,86934
singleEQ_GDXB.NC_20141104203020_EV,82069
singleEQ_NAGD.HV_20170104073441_EV,113433
singleEQ_RC01.AK_20111223034945_EV,128350
singleEQ_PLTX.NN_20160515234330_EV,123744
singleEQ_TOUO.HV_20150505233257_EV,144749
singleEQ_BFS.CI_20170930182430_EV,47816
singleEQ_O20K.TA_20170811194434_EV,115897
singleEQ_CPE.AZ_20150512175042_EV,60976
singleEQ_PKD.BK_20131116120759_EV,123305
singleEQ_VAK.BK_20170315074600_EV,148658
singleEQ_PCDR.PR_20181225034624_EV,122019
singleEQ_KVN.NN_20170920021509_EV,102114
singleEQ_DGR.CI_20160311050723_EV,66192
singleEQ_GDXB.NC_20160722031016_EV,84280
singleEQ_C24K.TA_20171019060612_EV,54644
singleEQ_MESA.AK_20140619061542_EV,108151
singleEQ_LHV.NN_20150909083432_EV,103450
singleEQ_KNK.AK_20120810002538_EV,99458
singleEQ_KNW.AZ_20121022183703_EV,100114
singleEQ_HSSD.HV_20170314082511_EV,91177
singleEQ_SLA.CI_20130829234056_EV,138376
singleEQ_BAR.CI_20120719144607_EV,44412
singleEQ_B081.PB_20140827021117_EV,13430
singleEQ_AOPR.PR_20180108115527_EV,4261
singleEQ_PAH.NN_20120808095226_EV,120473
singleEQ_KNW.AZ_20160721104319_EV,100446
singleEQ_CUT.AK_20180226074912_EV,64017
singleEQ_MOD.BK_20141116163615_EV,110170
singleEQ_B082.PB_20160606110049_EV,19183
singleEQ_B086.PB_20150807064638_EV,28624
singleEQ_SDPT.AT_20110208160704_EV,136130
singleEQ_RDM.AZ_20130123222846_EV,129277
singleEQ_B087.PB_20140625074441_EV,31649
singleEQ_B081.PB_20110616031709_EV,11081
singleEQ_ID08.GS_20170917224509_EV,92106
singleEQ_LHV.NN_20170528121735_EV,104358
singleEQ_B921.PB_20150216073738_EV,42581
singleEQ_PMR.AT_20121014131833_EV,124370
singleEQ_KCC.BK_20071225113929_EV,98016
singleEQ_PNT.NN_20171209155007_EV,125247
singleEQ_COLR.NN_20150830201526_EV,60412
singleEQ_B916.PB_20170609065432_EV,39108
singleEQ_GDXB.NC_20171202050052_EV,85355
singleEQ_SNZO.IU_20010106191630_EV,139280
singleEQ_HARP.AK_20130520001505_EV,89220
singleEQ_GASB.BK_20160721185046_EV,73766
singleEQ_KTH.AK_20170301121000_EV,101333
singleEQ_FMP.CI_20130723123958_EV,72202
singleEQ_BAR.CI_20100410184807_EV,44237
singleEQ_B082.PB_20171226120110_EV,20292
singleEQ_CHUM.AK_20110419145707_EV,58155
singleEQ_BJOB.NC_20111230211501_EV,48264
singleEQ_BDI.IV_20120521015831_EV,46432
singleEQ_PPLA.AK_20170621112533_EV,125990
singleEQ_B081.PB_20080607022606_EV,10613
singleEQ_FMP.CI_20141119052043_EV,72210
singleEQ_O03E.TA_20141114230838_EV,115655
singleEQ_B082.PB_20130627000818_EV,16941
singleEQ_YER.NN_20161229045423_EV,154473
singleEQ_MOD.BK_20160216093750_EV,110843
singleEQ_MARM.NM_20160419041847_EV,107076
singleEQ_B918.PB_20130113113607_EV,40795
singleEQ_RND.AK_20121231115801_EV,130920
singleEQ_YER.NN_20150614104901_EV,154309
singleEQ_CVS.BK_20171115151413_EV,64397
singleEQ_SSN.AK_20110829040638_EV,140752
singleEQ_SCZ2.CI_20141023003542_EV,136037
singleEQ_TRF.AK_20120117203934_EV,145577
singleEQ_SLK.AK_20170713192700_EV,138615
singleEQ_B916.PB_20180419140707_EV,39240
singleEQ_B084.PB_20140806113043_EV,24057
singleEQ_B917.PB_20130104221419_EV,39570
singleEQ_PHIN.UW_20120408201124_EV,123009
singleEQ_WADM.NM_20150625070903_EV,149753
singleEQ_YER.NN_20140313181016_EV,154263
singleEQ_A04D.TA_20120419174745_EV,70
singleEQ_PFO.AZ_20160621042050_EV,122914
singleEQ_FRD.AZ_20150627015936_EV,72690
singleEQ_KAN09.GS_20170312075641_EV,96375
singleEQ_B003.PB_20120828164309_EV,5453
singleEQ_B082.PB_20130917084942_EV,17162
singleEQ_B917.PB_20110629191039_EV,39399
singleEQ_SSLS.AV_20120327114614_EV,140666
singleEQ_BEK.NN_20130409164250_EV,46717
singleEQ_TVH2.NN_20110502010329_EV,146337
singleEQ_GO04.C_20120927230749_EV,87920
singleEQ_BZN.AZ_20080704222425_EV,53296
singleEQ_B093.PB_20101203052113_EV,32847
singleEQ_GLA.CI_20100407150453_EV,86738
singleEQ_B204.PB_20140115102553_EV,36512
singleEQ_BRIB.BK_20131007062118_EV,51065
singleEQ_DHY.AK_20171227231845_EV,66605
singleEQ_B082.PB_20120227135839_EV,15856
singleEQ_LHV.NN_20171025204115_EV,104561
singleEQ_RYN.NN_20180426044534_EV,133261
singleEQ_TRF.AK_20121124225913_EV,145885
singleEQ_B084.PB_20170531014309_EV,25978
singleEQ_GHO.AK_20111029111544_EV,85855
singleEQ_B918.PB_20120214004414_EV,40487
singleEQ_B093.PB_20110926093812_EV,33360
singleEQ_B084.PB_20161017214018_EV,25599
singleEQ_OBIP.PR_20170914034116_EV,116242
singleEQ_SAO.BK_20160910224543_EV,133982
singleEQ_GNW.UW_20130813110728_EV,87489
singleEQ_NAGD.HV_20160101193833_EV,113411
singleEQ_SII.AK_20171209062116_EV,137312
singleEQ_B918.PB_20120102125835_EV,40440
singleEQ_BOR.CI_20160619003236_EV,50015
singleEQ_B093.PB_20101101204127_EV,32798
singleEQ_HOM.AK_20150315092029_EV,90478
singleEQ_B058.PB_20180312141237_EV,7804
singleEQ_LVA2.AZ_20160914070958_EV,105994
singleEQ_B081.PB_20110401143424_EV,10946
